BindingDB Reactant_set_id,Ligand SMILES,BindingDB Ligand Name,Target Name,Target Source Organism According to Curator or DataSource,Ki (nM),IC50 (nM),UniProt (SwissProt) Entry Name of Target Chain,PubChem CID
1,O[C@@H]1[C@@H](O)[C@@H](Cc2ccccc2)N(CCCCCC(O)=O)C(=O)N(CCCCCC(O)=O)[C@@H]1Cc1ccccc1,"6-[(4R,5S,6S,7R)-4,7-dibenzyl-3-(5-carboxypentyl)-5,6-dihydroxy-2-oxo-1,3-diazepan-1-yl]hexanoic acid::DMPC Cyclic Urea 1",Dimer of Gag-Pol polyprotein [501-599],Human immunodeficiency virus 1, 0.24,,,3009304
2,O[C@@H]1[C@@H](O)[C@@H](Cc2ccccc2)N(C\C=C\c2cn[nH]c2)C(=O)N(C\C=C\c2cn[nH]c2)[C@@H]1Cc1ccccc1,"(4R,5S,6S,7R)-4,7-dibenzyl-5,6-dihydroxy-1,3-bis[(2E)-3-(1H-pyrazol-4-yl)prop-2-en-1-yl]-1,3-diazepan-2-one::DMPC Cyclic Urea 2",Dimer of Gag-Pol polyprotein [501-599],Human immunodeficiency virus 1, 0.25,,,5327236
3,O[C@@H]1[C@@H](O)[C@@H](Cc2ccccc2)N(CC2CC2)C(=O)N(C\C=C\c2cn[nH]c2)[C@@H]1Cc1ccccc1,"(4R,5S,6S,7R)-4,7-dibenzyl-1-(cyclopropylmethyl)-5,6-dihydroxy-3-[(2E)-3-(1H-pyrazol-4-yl)prop-2-en-1-yl]-1,3-diazepan-2-one::DMPC Cyclic Urea 3",Dimer of Gag-Pol polyprotein [501-599],Human immunodeficiency virus 1, 0.41,,,5327235
4,OCCCCCCN1[C@H](Cc2ccccc2)[C@H](O)[C@@H](O)[C@@H](Cc2ccccc2)N(CC2CC2)C1=O,"(4R,5S,6S,7R)-4,7-dibenzyl-1-(cyclopropylmethyl)-5,6-dihydroxy-3-(6-hydroxyhexyl)-1,3-diazepan-2-one::DMPC Cyclic Urea 4",Dimer of Gag-Pol polyprotein [501-599],Human immunodeficiency virus 1, 0.8,,,5327234
5,OCCCCCN1[C@H](Cc2ccccc2)[C@H](O)[C@@H](O)[C@@H](Cc2ccccc2)N(CC2CC2)C1=O,"(4R,5S,6S,7R)-4,7-dibenzyl-1-(cyclopropylmethyl)-5,6-dihydroxy-3-(5-hydroxypentyl)-1,3-diazepan-2-one::DMPC Cyclic Urea 5",Dimer of Gag-Pol polyprotein [501-599],Human immunodeficiency virus 1, 0.99,,,3009319
6,CCCCN1[C@H](Cc2ccccc2)[C@H](O)[C@@H](O)[C@@H](Cc2ccccc2)N(CC2CC2)C1=O,"(4R,5S,6S,7R)-4,7-dibenzyl-1-butyl-3-(cyclopropylmethyl)-5,6-dihydroxy-1,3-diazepan-2-one::DMPC Cyclic Urea 6",Dimer of Gag-Pol polyprotein [501-599],Human immunodeficiency virus 1, 1.1,,,5327233
7,O[C@@H]1[C@@H](O)[C@@H](Cc2ccccc2)N(CC2CCC2)C(=O)N(CC2CCC2)[C@@H]1Cc1ccccc1,"(4R,5S,6S,7R)-4,7-dibenzyl-1,3-bis(cyclobutylmethyl)-5,6-dihydroxy-1,3-diazepan-2-one::CHEMBL287355::DMPC Cyclic Urea 7",Dimer of Gag-Pol polyprotein [501-599],Human immunodeficiency virus 1, 1.3,,,463335
8,OCCCCCN1[C@H](Cc2ccccc2)[C@H](O)[C@@H](O)[C@@H](Cc2ccccc2)N(CCCCCO)C1=O,"(4R,5S,6S,7R)-4,7-dibenzyl-5,6-dihydroxy-1,3-bis(5-hydroxypentyl)-1,3-diazepan-2-one::DMPC Cyclic Urea 8",Dimer of Gag-Pol polyprotein [501-599],Human immunodeficiency virus 1, 1.4,,,3009298
9,CCCCN1[C@H](Cc2ccccc2)[C@H](O)[C@@H](O)[C@@H](Cc2ccccc2)N(CCCC)C1=O,"(4R,5S,6S,7R)-4,7-dibenzyl-1,3-dibutyl-5,6-dihydroxy-1,3-diazepan-2-one::CHEMBL284472::DMPC Cyclic Urea 9",Dimer of Gag-Pol polyprotein [501-599],Human immunodeficiency virus 1, 1.6,,,463323
10,CC(C)=CCN1[C@H](Cc2ccccc2)[C@H](O)[C@@H](O)[C@@H](Cc2ccccc2)N(CC=C(C)C)C1=O,"(4R,5S,6S,7R)-4,7-dibenzyl-5,6-dihydroxy-1,3-bis(3-methylbut-2-en-1-yl)-1,3-diazepan-2-one::DMPC Cyclic Urea 10",Dimer of Gag-Pol polyprotein [501-599],Human immunodeficiency virus 1, 1.8,,,469353
11,CCCCN1[C@H](Cc2ccccc2)[C@H](O)[C@@H](O)[C@@H](Cc2ccccc2)N(CC=C(C)C)C1=O,"(4R,5S,6S,7R)-4,7-dibenzyl-1-butyl-5,6-dihydroxy-3-(3-methylbut-2-en-1-yl)-1,3-diazepan-2-one::DMPC Cyclic Urea 11",Dimer of Gag-Pol polyprotein [501-599],Human immunodeficiency virus 1, 1.9,,,5327232
12,O[C@@H]1[C@@H](O)[C@@H](Cc2ccccc2)N(CC2CC2)C(=O)N(CC2CC2)[C@@H]1Cc1ccccc1,"(4R,5S,6S,7R)-4,7-dibenzyl-1,3-bis(cyclopropylmethyl)-5,6-dihydroxy-1,3-diazepan-2-one::CHEMBL431306::DMPC Cyclic Urea 12",Dimer of Gag-Pol polyprotein [501-599],Human immunodeficiency virus 1, 1.9,,,454923
13,OCCCCCCN1[C@H](Cc2ccccc2)[C@H](O)[C@@H](O)[C@@H](Cc2ccccc2)N(CCCCCCO)C1=O,"(4R,5S,6S,7R)-4,7-dibenzyl-5,6-dihydroxy-1,3-bis(6-hydroxyhexyl)-1,3-diazepan-2-one::DMPC Cyclic Urea 13",Dimer of Gag-Pol polyprotein [501-599],Human immunodeficiency virus 1, 1.9,,,3009299
14,CC(C)=CCN1[C@H](Cc2ccccc2)[C@H](O)[C@@H](O)[C@@H](Cc2ccccc2)N(CC2CC2)C1=O,"(4R,5S,6S,7R)-4,7-dibenzyl-1-(cyclopropylmethyl)-5,6-dihydroxy-3-(3-methylbut-2-en-1-yl)-1,3-diazepan-2-one::DMPC Cyclic Urea 14",Dimer of Gag-Pol polyprotein [501-599],Human immunodeficiency virus 1, 2,,,5327231
15,OC(Br)CCCCCN1[C@H](Cc2ccccc2)[C@H](O)[C@@H](O)[C@@H](Cc2ccccc2)N(CCCCCC(O)Br)C1=O,"(4R,5S,6S,7R)-4,7-dibenzyl-1,3-bis(6-bromo-6-hydroxyhexyl)-5,6-dihydroxy-1,3-diazepan-2-one::DMPC Cyclic Urea 15",Dimer of Gag-Pol polyprotein [501-599],Human immunodeficiency virus 1, 2,,,5327230
16,CS(=O)(=O)CCCCCN1[C@H](Cc2ccccc2)[C@H](O)[C@@H](O)[C@@H](Cc2ccccc2)N(CCCCCO)C1=O,"(4R,5S,6S,7R)-4,7-dibenzyl-5,6-dihydroxy-3-(5-hydroxypentyl)-1-(5-methanesulfonylpentyl)-1,3-diazepan-2-one::DMPC Cyclic Urea 16",Dimer of Gag-Pol polyprotein [501-599],Human immunodeficiency virus 1, 2.1,,,5327229
17,OCCCCCCN1[C@H](Cc2ccccc2)[C@H](O)[C@@H](O)[C@@H](Cc2ccccc2)N(CCCCCO)C1=O,"(4R,5S,6S,7R)-4,7-dibenzyl-5,6-dihydroxy-1-(6-hydroxyhexyl)-3-(5-hydroxypentyl)-1,3-diazepan-2-one::DMPC Cyclic Urea 17",Dimer of Gag-Pol polyprotein [501-599],Human immunodeficiency virus 1, 2.2,,,5327228
18,CC(C)=CCN1[C@H](Cc2ccccc2)[C@H](O)[C@@H](O)[C@@H](Cc2ccccc2)N(CC=C)C1=O,"(4R,5S,6S,7R)-4,7-dibenzyl-5,6-dihydroxy-3-(3-methylbut-2-en-1-yl)-1-(prop-2-en-1-yl)-1,3-diazepan-2-one::DMPC Cyclic Urea 18",Dimer of Gag-Pol polyprotein [501-599],Human immunodeficiency virus 1, 2.3,,,5327227
19,CC(O)CCCCN1[C@H](Cc2ccccc2)[C@H](O)[C@@H](O)[C@@H](Cc2ccccc2)N(CCCCC(C)O)C1=O,"(4R,5S,6S,7R)-4,7-dibenzyl-5,6-dihydroxy-1,3-bis(5-hydroxyhexyl)-1,3-diazepan-2-one::DMPC Cyclic Urea 19",Dimer of Gag-Pol polyprotein [501-599],Human immunodeficiency virus 1, 2.4,,,5327226
20,O[C@@H]1[C@@H](O)[C@@H](Cc2ccccc2)N(CC2CCCC2)C(=O)N(CC=C)[C@@H]1Cc1ccccc1,"(4R,5S,6S,7R)-4,7-dibenzyl-1-(cyclopentylmethyl)-5,6-dihydroxy-3-(prop-2-en-1-yl)-1,3-diazepan-2-one::DMPC Cyclic Urea 20",Dimer of Gag-Pol polyprotein [501-599],Human immunodeficiency virus 1, 3.5,,,5327225
21,CS(=O)CCCCCN1[C@H](Cc2ccccc2)[C@H](O)[C@@H](O)[C@@H](Cc2ccccc2)N(CCCCCO)C1=O,"(4R,5S,6S,7R)-4,7-dibenzyl-5,6-dihydroxy-3-(5-hydroxypentyl)-1-(5-methanesulfinylpentyl)-1,3-diazepan-2-one::DMPC Cyclic Urea 21",Dimer of Gag-Pol polyprotein [501-599],Human immunodeficiency virus 1, 3.5,,,5327224
22,O[C@@H]1[C@@H](O)[C@@H](Cc2ccccc2)N(CC2CC2)C(=O)N(CC=C)[C@@H]1Cc1ccccc1,"(4R,5S,6S,7R)-4,7-dibenzyl-1-(cyclopropylmethyl)-5,6-dihydroxy-3-(prop-2-en-1-yl)-1,3-diazepan-2-one::DMPC Cyclic Urea 22",Dimer of Gag-Pol polyprotein [501-599],Human immunodeficiency virus 1, 3.7,,,5327221
23,OCC(O)CCCCN1[C@H](Cc2ccccc2)[C@H](O)[C@@H](O)[C@@H](Cc2ccccc2)N(CCCCC(O)CO)C1=O,"(4R,5S,6S,7R)-4,7-dibenzyl-1,3-bis(5,6-dihydroxyhexyl)-5,6-dihydroxy-1,3-diazepan-2-one::DMPC Cyclic Urea 23",Dimer of Gag-Pol polyprotein [501-599],Human immunodeficiency virus 1, 3.9,,,5327220
24,O[C@@H]1[C@@H](O)[C@@H](Cc2ccccc2)N(CC2CCCC2)C(=O)N(CC2CCCC2)[C@@H]1Cc1ccccc1,"(4R,5S,6S,7R)-4,7-dibenzyl-1,3-bis(cyclopentylmethyl)-5,6-dihydroxy-1,3-diazepan-2-one::CHEMBL287274::DMPC Cyclic Urea 24",Dimer of Gag-Pol polyprotein [501-599],Human immunodeficiency virus 1, 4,,,463336
25,CCCCN1[C@H](Cc2ccccc2)[C@H](O)[C@@H](O)[C@@H](Cc2ccccc2)N(CC=C)C1=O,"(4R,5S,6S,7R)-4,7-dibenzyl-1-butyl-5,6-dihydroxy-3-(prop-2-en-1-yl)-1,3-diazepan-2-one::DMPC Cyclic Urea 25",Dimer of Gag-Pol polyprotein [501-599],Human immunodeficiency virus 1, 4.1,,,5327219
26,CCCCCN1[C@H](Cc2ccccc2)[C@H](O)[C@@H](O)[C@@H](Cc2ccccc2)N(CCCCC)C1=O,"(4R,5S,6S,7R)-4,7-dibenzyl-5,6-dihydroxy-1,3-dipentyl-1,3-diazepan-2-one::CHEMBL420054::DMPC Cyclic Urea 26",Dimer of Gag-Pol polyprotein [501-599],Human immunodeficiency virus 1, 4.1,,,463324
27,O[C@@H]1[C@@H](O)[C@@H](Cc2ccccc2)N(CC2CCCC2)C(=O)N(CC2CC2)[C@@H]1Cc1ccccc1,"(4R,5S,6S,7R)-4,7-dibenzyl-1-(cyclopentylmethyl)-3-(cyclopropylmethyl)-5,6-dihydroxy-1,3-diazepan-2-one::DMPC Cyclic Urea 27",Dimer of Gag-Pol polyprotein [501-599],Human immunodeficiency virus 1, 4.1,,,5327218
28,COC(=O)CCCCCN1[C@H](Cc2ccccc2)[C@H](O)[C@@H](O)[C@@H](Cc2ccccc2)N(CCCCCC(O)=O)C1=O,"6-[(4R,5S,6S,7R)-4,7-dibenzyl-5,6-dihydroxy-3-(6-methoxy-6-oxohexyl)-2-oxo-1,3-diazepan-1-yl]hexanoic acid::DMPC Cyclic Urea 28",Dimer of Gag-Pol polyprotein [501-599],Human immunodeficiency virus 1, 4.3,,,5327217
29,CCCCN1[C@H](Cc2ccccc2)[C@H](O)[C@@H](O)[C@@H](Cc2ccccc2)N(CC2CCCC2)C1=O,"(4R,5S,6S,7R)-4,7-dibenzyl-1-butyl-3-(cyclopentylmethyl)-5,6-dihydroxy-1,3-diazepan-2-one::DMPC Cyclic Urea 29",Dimer of Gag-Pol polyprotein [501-599],Human immunodeficiency virus 1, 4.6,,,5327216
30,O[C@@H]1[C@@H](O)[C@@H](Cc2ccccc2)N(CC=C)C(=O)N(CC=C)[C@@H]1Cc1ccccc1,"(4R,5S,6S,7R)-4,7-dibenzyl-5,6-dihydroxy-1,3-bis(prop-2-en-1-yl)-1,3-diazepan-2-one::CHEMBL284314::XK216",Dimer of Gag-Pol polyprotein [501-599],Human immunodeficiency virus 1, 4.6,,,446158
31,CCCCCCN1[C@H](Cc2ccccc2)[C@H](O)[C@@H](O)[C@@H](Cc2ccccc2)N(CCCCCC)C1=O,"(4R,5S,6S,7R)-4,7-dibenzyl-1,3-dihexyl-5,6-dihydroxy-1,3-diazepan-2-one::CHEMBL314052::DMPC Cyclic Urea 31",Dimer of Gag-Pol polyprotein [501-599],Human immunodeficiency virus 1, 4.6,,,463325
32,O[C@@H]1[C@@H](O)[C@@H](Cc2ccccc2)N(CC2CC2)C(=O)N(C\C=C\c2ccccc2)[C@@H]1Cc1ccccc1,"(4R,5S,6S,7R)-4,7-dibenzyl-1-(cyclopropylmethyl)-5,6-dihydroxy-3-[(2E)-3-phenylprop-2-en-1-yl]-1,3-diazepan-2-one::DMPC Cyclic Urea 32",Dimer of Gag-Pol polyprotein [501-599],Human immunodeficiency virus 1, 4.6,,,5327215
33,O[C@@H]1[C@@H](O)[C@@H](Cc2ccccc2)N(C\C=C\c2ccccc2)C(=O)N(C\C=C\c2ccccc2)[C@@H]1Cc1ccccc1,"(4R,5S,6S,7R)-4,7-dibenzyl-5,6-dihydroxy-1,3-bis[(2E)-3-phenylprop-2-en-1-yl]-1,3-diazepan-2-one::DMPC Cyclic Urea 33",Dimer of Gag-Pol polyprotein [501-599],Human immunodeficiency virus 1, 4.7,,,5327214
34,CNC(=O)OCCCCCCN1[C@H](Cc2ccccc2)[C@H](O)[C@@H](O)[C@@H](Cc2ccccc2)N(CCCCCCO)C1=O,"6-[(4R,5S,6S,7R)-4,7-dibenzyl-5,6-dihydroxy-3-(6-hydroxyhexyl)-2-oxo-1,3-diazepan-1-yl]hexyl N-methylcarbamate::DMPC Cyclic Urea 34",Dimer of Gag-Pol polyprotein [501-599],Human immunodeficiency virus 1, 5.2,,,5327213
35,CC[C@H](C)CN(C[C@@H](O)[C@H](Cc1ccccc1)NC(=O)O[C@H]1CO[C@H]2OCC[C@@H]12)S(=O)(=O)c1ccc(N)cc1,"(3R,3aS,6aR)-Hexahydrofuro[2,3-b]furan-3-yl ((2S,3R)-4-(4-amino-N-((S)-2-methylbutyl)phenylsulfonamido)-3-hydroxy-1-phenylbutan-2-yl)carbamate (10a)","Gag-Pol polyprotein [484-582,Q491K,I497V,V499I,E519D,G532V,I538V,R541K,D544E,L547P,Q553K,V566A,L573M]",Human immunodeficiency virus, 0.016,,,53308627
36,CNC(=O)n1cc(C=CCN2[C@H](Cc3ccccc3)[C@H](O)[C@@H](O)[C@@H](Cc3ccccc3)N(CC=Cc3cnn(c3)C(=O)NC)C2=O)cn1,"4-[(1E)-3-[(4R,5S,6S,7R)-4,7-dibenzyl-5,6-dihydroxy-3-[(2E)-3-[1-(methylcarbamoyl)-1H-pyrazol-4-yl]prop-2-en-1-yl]-2-oxo-1,3-diazepan-1-yl]prop-1-en-1-yl]-N-methyl-1H-pyrazole-1-carboxamide::DMPC Cyclic Urea 36",Dimer of Gag-Pol polyprotein [501-599],Human immunodeficiency virus 1, 6.9,,,5327212
37,CC(C)CCCN1[C@H](Cc2ccccc2)[C@H](O)[C@@H](O)[C@@H](Cc2ccccc2)N(CCCC(C)C)C1=O,"(4R,5S,6S,7R)-4,7-dibenzyl-5,6-dihydroxy-1,3-bis(4-methylpentyl)-1,3-diazepan-2-one::CHEMBL314984::DMPC Cyclic Urea 37",Dimer of Gag-Pol polyprotein [501-599],Human immunodeficiency virus 1, 7,,,463332
38,COCCCCCN1[C@H](Cc2ccccc2)[C@H](O)[C@@H](O)[C@@H](Cc2ccccc2)N(CCCCCO)C1=O,"(4R,5S,6S,7R)-4,7-dibenzyl-5,6-dihydroxy-3-(5-hydroxypentyl)-1-(5-methoxypentyl)-1,3-diazepan-2-one::DMPC Cyclic Urea 38",Dimer of Gag-Pol polyprotein [501-599],Human immunodeficiency virus 1, 7.8,,,5327211
39,CCCN1[C@H](Cc2ccccc2)[C@H](O)[C@@H](O)[C@@H](Cc2ccccc2)N(CCC)C1=O,"(4R,5S,6S,7R)-4,7-dibenzyl-5,6-dihydroxy-1,3-dipropyl-1,3-diazepan-2-one::CHEMBL32733::DMPC Cyclic Urea 39",Dimer of Gag-Pol polyprotein [501-599],Human immunodeficiency virus 1, 8,,,463322
40,O[C@@H]1[C@@H](O)[C@@H](Cc2ccccc2)N(CCCCCNC(=O)OCc2cccnc2)C(=O)N(CCCCCNC(=O)OCc2cccnc2)[C@@H]1Cc1ccccc1,"DMPC Cyclic Urea 40::pyridin-3-ylmethyl N-{5-[(4R,5S,6S,7R)-4,7-dibenzyl-5,6-dihydroxy-2-oxo-3-(5-{[(pyridin-3-ylmethoxy)carbonyl]amino}pentyl)-1,3-diazepan-1-yl]pentyl}carbamate dihydrate dihydrochloride",Dimer of Gag-Pol polyprotein [501-599],Human immunodeficiency virus 1, 8.9,,,5327210
41,O[C@@H]1[C@@H](O)[C@@H](Cc2ccccc2)N(CCCCC=C)C(=O)N(CCCCC=C)[C@@H]1Cc1ccccc1,"(4R,5S,6S,7R)-4,7-dibenzyl-1,3-bis(hex-5-en-1-yl)-5,6-dihydroxy-1,3-diazepan-2-one::DMPC Cyclic Urea 41",Dimer of Gag-Pol polyprotein [501-599],Human immunodeficiency virus 1, 9.1,,,5327208
42,O[C@@H]1[C@@H](O)[C@@H](Cc2ccccc2)N(CCCCCNC(=O)Oc2ccc(cc2)[N+]([O-])=O)C(=O)N(CCCCCNC(=O)OCc2ccncc2)[C@@H]1Cc1ccccc1,"4-nitrophenyl N-{5-[(4R,5S,6S,7R)-4,7-dibenzyl-5,6-dihydroxy-2-oxo-3-(5-{[(pyridin-4-ylmethoxy)carbonyl]amino}pentyl)-1,3-diazepan-1-yl]pentyl}carbamate::DMPC Cyclic Urea 42",Dimer of Gag-Pol polyprotein [501-599],Human immunodeficiency virus 1, 10,,,5327207
43,CC(C)CCN1[C@H](Cc2ccccc2)[C@H](O)[C@@H](O)[C@@H](Cc2ccccc2)N(CCC(C)C)C1=O,"(4R,5S,6S,7R)-4,7-dibenzyl-5,6-dihydroxy-1,3-bis(3-methylbutyl)-1,3-diazepan-2-one::CHEMBL284491::DMPC Cyclic Urea 43",Dimer of Gag-Pol polyprotein [501-599],Human immunodeficiency virus 1, 12,,,463331
44,O[C@@H]1[C@@H](O)[C@@H](Cc2ccccc2)N(CCCCC2CO2)C(=O)N(CCCCC2CO2)[C@@H]1Cc1ccccc1,"(4R,5S,6S,7R)-4,7-dibenzyl-5,6-dihydroxy-1,3-bis[4-(oxiran-2-yl)butyl]-1,3-diazepan-2-one::DMPC Cyclic Urea 44",Dimer of Gag-Pol polyprotein [501-599],Human immunodeficiency virus 1, 12,,,5327206
45,O[C@@H]1[C@@H](O)[C@@H](Cc2ccccc2)N(CCCCCNC(=O)c2cccc(c2)C(F)(F)F)C(=O)N(CCCCCNC(=O)c2cccc(c2)C(F)(F)F)[C@@H]1Cc1ccccc1,"DMPC Cyclic Urea 45::N-{5-[(4R,5S,6S,7R)-4,7-dibenzyl-5,6-dihydroxy-2-oxo-3-(5-{[3-(trifluoromethyl)phenyl]formamido}pentyl)-1,3-diazepan-1-yl]pentyl}-3-(trifluoromethyl)benzamide",Dimer of Gag-Pol polyprotein [501-599],Human immunodeficiency virus 1, 12,,,5327202
46,O[C@@H]1[C@@H](O)[C@@H](Cc2ccccc2)N(CCCCCNC(=O)Nc2ccccc2)C(=O)N(CCCCCNC(=O)Nc2ccccc2)[C@@H]1Cc1ccccc1,"1-{5-[(4R,5S,6S,7R)-4,7-dibenzyl-5,6-dihydroxy-2-oxo-3-{5-[(phenylcarbamoyl)amino]pentyl}-1,3-diazepan-1-yl]pentyl}-3-phenylurea::DMPC Cyclic Urea 46",Dimer of Gag-Pol polyprotein [501-599],Human immunodeficiency virus 1, 14,,,5327203
47,O[C@@H]1[C@@H](O)[C@@H](Cc2ccccc2)N(CCCCCNC(=O)c2cccc(F)c2)C(=O)N(CCCCCNC(=O)c2cccc(F)c2)[C@@H]1Cc1ccccc1,"DMPC Cyclic Urea 47::N-{5-[(4R,5S,6S,7R)-4,7-dibenzyl-3-{5-[(3-fluorophenyl)formamido]pentyl}-5,6-dihydroxy-2-oxo-1,3-diazepan-1-yl]pentyl}-3-fluorobenzamide",Dimer of Gag-Pol polyprotein [501-599],Human immunodeficiency virus 1, 14,,,3009311
48,CC(CCCCN1[C@H](Cc2ccccc2)[C@H](O)[C@@H](O)[C@@H](Cc2ccccc2)N(CCCCC(C)N=O)C1=O)N=O,"(4R,5S,6S,7R)-4,7-dibenzyl-5,6-dihydroxy-1,3-bis[(5Z)-5-(hydroxyimino)hexyl]-1,3-diazepan-2-one::DMPC Cyclic Urea 48",Dimer of Gag-Pol polyprotein [501-599],Human immunodeficiency virus 1, 15,,,5327201
49,O[C@@H]1[C@@H](O)[C@@H](Cc2ccccc2)N(CCCCCNC(=O)c2ccncc2)C(=O)N(CCCCCNC(=O)c2ccncc2)[C@@H]1Cc1ccccc1,"CHEMBL282395::DMPC Cyclic Urea 49::N-{5-[(4R,5S,6S,7R)-4,7-dibenzyl-5,6-dihydroxy-2-oxo-3-[5-(pyridin-4-ylformamido)pentyl]-1,3-diazepan-1-yl]pentyl}pyridine-4-carboxamide dihydrochloride",Dimer of Gag-Pol polyprotein [501-599],Human immunodeficiency virus 1, 16,,,3009322
50,O[C@@H]1[C@@H](O)[C@@H](Cc2ccccc2)N(CCCCCNC(=O)c2ccc(F)cc2)C(=O)N(CCCCCNC(=O)c2ccc(F)cc2)[C@@H]1Cc1ccccc1,"DMPC Cyclic Urea 50::N-{5-[(4R,5S,6S,7R)-4,7-dibenzyl-3-{5-[(4-fluorophenyl)formamido]pentyl}-5,6-dihydroxy-2-oxo-1,3-diazepan-1-yl]pentyl}-4-fluorobenzamide",Dimer of Gag-Pol polyprotein [501-599],Human immunodeficiency virus 1, 18,,,3009312
